,Customer_ID,Customer_Name,Country,City,Age,Signup_Date,Customer_Segment,Annual_Spend_DKK,Orders,Email,Active
0,10029,Elias Hussein,Denmark,Aarhus,51,2026-12-06,Basic,11882.96,10,user10029@example.com,Yes
1,10219,Elias Holm,Germany,,,2025-04-17,Standard,6609.73,27,user10219@example.com,Yes
2,10060,Sofia Petersen,Denmark,Odense,26,2026-04-29,Standard,12872.17,33,user10060@example.com,Yes
3,10032,Sofia Rossi,Germany,Berlin,54,2025-11-10,Standard,,17,user10032@example.com,Yes
4,10251,Mathias Poulsen,Sweden,Stockholm,28,2024-02-25,Premium,9641.62,12,user10251@example.com,No
5,10472,Daniel Martin,Denmark,Aalborg,43,2025-08-06,Premium,2541.67,16,user10472@example.com,Yes
6,10103,Mathias Poulsen,Denmark,Copenhagen,29,2024-05-04,Standard,17827.26,20,user10103@example.com,Yes
7,10439,  Emma Jensen ,Sweden,Gothenburg,33,2026-05-20,Basic,2421.67,28,user10439@example.com,Yes
8,10487,Lucas Kristensen,Denmark,Odense,27,2024-07-12,Standard,9325.31,25,user10487@example.com,No
9,10643,Nora Eriksson,Denmark,Odense,66,2025-01-27,Standard,9933.59,18,user10643@example.com,Yes
10,10195,Emily Wilson,Denmark,Copenhagen,21,2026-04-06,Standard,8684.79,31,user10195@example.com,No
11,10194,Emil Johansson,Norway,Bergen,46,2024-07-17,Basic,11823.53,25,user10194@example.com,Yes
12,10420,Amina Hassan,Germany,Hamburg,58,2024-07-14,Standard,13996.86,15,user10420@example.com,Yes
13,10422,Lucas Garcia,Denmark,,25,2024-03-26,Standard,,18,user10422@example.com,N
14,10167,Noah Khan,Norway,Bergen,37,2025-08-07,Standard,3089.42,3,user10167@example.com,Yes
15,10205,Yasmin Ahmed,Denmark,Odense,27,2026-06-01,Standard,17898.44,9,,Yes
16,10448,Daniel Martin,Sweden,Malmö,59,2025-06-01,Premium,23978.06,2,user10448@example.com,Yes
17,10443,Maya Lindberg,Sweden,Stockholm,,2024-06-24,Standard,11016.63,18,user10443@example.com,Yes
18,10572,Ida Sørensen,Norway,Oslo,68,2024-10-01,Standard,24899.3,16,user10572@example.com,YES
19,10623,Leo Wagner,Germany,Berlin,59,2026-02-17,Basic,,25,user10623@example.com,Yes
20,10522,Elena Müller,Denmark,Aarhus,71,2024-10-24,Basic,3082.47,17,user10522@example.com,Yes
21,10465,Yasmin Ahmed,Denmark,Copenhagen,56,2025-10-14,Standard,4706.87,2,user10465@example.com,Yes
22,10373,Laura Thomsen,Denmark,Copenhagen,50,,Standard,18969.47,17,user10373@example.com,yes
23,10636,Freja Møller,Denmark,Odense,48,2025-01-07,Standard,11967.22,27,user10636@example.com,Yes
24,10078,Elena Müller,Sweden,Gothenburg,65,2024-08-07,Standard,16280.63,5,user10078@example.com,Yes
25,10390,Oliver Hansen,Norway,Oslo,41,2025-11-07,Premium,7077.11,30,user10390@example.com,Yes
26,10549,Amina Hassan,Norway,Oslo,71,2024-10-01,Basic,14033.73,4,user10549@example.com,Yes
27,10017,Sofia Rossi,Denmark,Copenhagen,71,2025-10-26,Standard,11278.94,27,user10017@example.com,Yes
28,10375,Sofia Rossi,Denmark,Odense,18,2026-01-19,Standard,,11,user10375@example.com,Yes
29,10452,Victor Lindström,Germany,Berlin,27,2024-07-26,Basic,999999.0,15,user10452@example.com,Yes
30,10128,Amira Khalil,Denmark,Copenhagen,20,2025-08-06,Premium,14331.71,8,user10128@example.com,Yes
31,10236,Mads Nielsen,Norway,Oslo,47,2024-01-25,Premium,14764.76,16,user10236@example.com,Yes
32,10533,Yasmin Ahmed,Denmark,Aarhus,59,2024-04-04,Premium,7498.83,33,user10533@example.com,Yes
33,10647,Freja Møller,Denmark,Odense,59,2025-04-24,Premium,8601.54,16,user10647@example.com,Yes
34,10387,Oscar Berg,Sweden,Stockholm,58,2025-01-05,Basic,14145.06,30,user10387@example.com,Yes
35,10515,Victor Lindström,Denmark,Copenhagen,37,2025-06-01,Standard,4897.39,7,user10515@example.com,No
36,10022,Laura Thomsen,Denmark,Aalborg,39,2025-05-01,Basic,12198.48,2,user10022@example.com,Yes
37,10321,Laura Thomsen,Germany,Hamburg,35,2025-12-20,Standard,4147.24,4,user10321@example.com,Yes
38,10426,Daniel Brown,Norway,Bergen,51,2025-01-23,Premium,3998.98,1,user10426@example.com,Yes
39,10216,Adam Hassan,Sweden,Gothenburg,23,2025-05-11,Standard,4500000.0,18,user10216@example.com,No
40,10456,Anna Schmidt,Denmark,Aalborg,43,2025-03-26,Standard,17411.59,9,user10456@example.com,Yes
41,10031,Oscar Berg,Sweden,Stockholm,68,2024-03-19,Basic,19844.84,14,user10031@example.com,Yes
42,10023,Sara Mohamed,Germany,Berlin,23,2025-10-08,Basic,16574.03,21,user10023@example.com,No
43,10139,Anna Schmidt,Norway,,44,2024-09-17,Standard,15041.35,25,user10139@example.com,Yes
44,10245,Alexander Rasmussen,Sweden,Stockholm,42,2026-04-15,Standard,11800.78,18,user10245@example.com,No
45,10340,Laura Thomsen,Germany,Hamburg,27,2026-03-29,Standard,16629.31,29,user10340@example.com,No
46,10147,Adam Hassan,Denmark,Aalborg,30,2025-12-02,Premium,5800.03,23,user10147@example.com,Yes
47,10516,Sofie Larsen,Denmark,Aarhus,44,2025-02-01,Basic,19595.98,25,user10516@example.com,Yes
48,10346,Mathias Poulsen,Norway,Bergen,23,2024-09-17,Premium,4281.33,11,user10346@example.com,Yes
49,10263,Alexander Rasmussen,Denmark,Odense,63,2024-04-25,Basic,10288.84,23,user10263@example.com,Yes
50,10141,Daniel Brown,Denmark,Aalborg,,2024-08-15,Standard,11954.19,29,user10141@example.com,Yes
51,10607,Mathias Poulsen,Norway,Bergen,71,2024-11-19,Premium,8423.5,25,user10607@example.com,Yes
52,10207,Amira Khalil,Denmark,Copenhagen,33,2025-11-06,Premium,8606.0,15,user10207@example.com,Yes
53,10135,ANNA SCHMIDT,Sweden,Malmö,42,2025-12-19,Standard,4515.04,30,user10135@example.com,Yes
54,10351,Lucas Kristensen,Sweden,Malmö,19,2025-04-02,Premium,5247.34,12,user10351@example.com,Yes
55,10297,Maya Patel,Germany,Berlin,53,2025-03-01,Standard,7272.99,14,user10297@example.com,Yes
56,10371,Elena Müller,Norway,Oslo,51,2026-06-15,Premium,8269.2,21,user10371@example.com,Yes
57,10090,Amira Khalil,Denmark,Copenhagen,71,2026-02-19,Basic,5475.26,6,user10090@example.com,Yes
58,10520,Mathias Poulsen,Norway,Oslo,64,2024-10-27,Standard,12340.09,24,user10520@example.com,Yes
59,10372,Adam Ali,Denmark,Aarhus,20,2024-07-19,Premium,14963.57,32,user10372@example.com,Yes
60,10212,Alexander Rasmussen,Sweden,Malmö,33,2026-04-30,Standard,11986.96,17, user10212@example.com ,Yes
61,10240,Lina Osman,Denmark,Odense,70,2025-01-10,Basic,,5,user10240@example.com,Yes
62,10158,Maya Lindberg,Sweden,Malmö,52,2025-07-28,Basic,21241.29,13,user10158@example.com,Yes
63,10231,Oliver Hansen,Denmark,Odense,67,2025-12-20,Basic,8577.42,19,user10231@example.com,Yes
64,10379,Amira Khalil,Denmark,Aarhus,33,2026-01-30,Standard,13964.99,31,user10379@example.com,No
65,10165,Nora Eriksson,Denmark,Odense,29,2025-06-21,Premium,13650.58,20,user10165@example.com,Yes
66,10364,ADAM ALI,Denmark,,21,2024-03-07,Premium,12534.33,31, user10364@example.com ,Yes
67,10112,Adam Ali,Denmark,Odense,19,2025-01-11,Standard,15809.72,17,user10112@example.com,Yes
68,10565,Leo Wagner,Sweden,Malmö,24,2024-10-12,Standard,12579.08,32,user10565@example.com,Yes
69,10501,Clara Andersen,Sweden,Gothenburg,37,2025-07-06,Standard,13006.26,9,user10501@example.com,No
70,10431,Daniel Brown,Germany,Hamburg,57,2025-09-30,Basic,3178.88,26,user10431@example.com,Yes
71,10484,Leila Osman,Denmark,Copenhagen,31,2026-04-19,Standard,9015.54,22,user10484@example.com,No
72,10186,Nora Eriksson,Sweden,Gothenburg,24,2025-06-29,Standard,24080.01,19,user10186@example.com,Yes
73,10305,Sofie Larsen,Norway,Oslo,53,2025-08-01,Basic,11603.01,28,user10305@example.com,Yes
74,10124,Maya Patel,Denmark,Copenhagen,38,2025-03-28,Basic,9967.02,13,user10124@example.com,Yes
75,10374,Elena Müller,Denmark,Odense,70,2025-01-31,Premium,16683.09,18,user10374@example.com,No
76,10286,Anna Schmidt,Denmark,Aalborg,26,2024-07-03,Basic,18259.74,27,user10286@example.com,Yes
77,10179,Alexander Rasmussen,Germany,Hamburg,38,2025-02-12,Premium,10693.98,7,user10179@example.com,Yes
78,10315,Clara Andersen,Denmark,Aarhus,39,2025-12-04,Standard,5122.23,6,user10315@example.com,Yes
79,10475,Elena Müller,Denmark,Copenhagen,49,2024-08-01,Basic,16429.84,23,user10475@example.com,Yes
80,10645,Daniel Martin,Sweden,Malmö,57,2025-01-07,Standard,16313.16,15,user10645@example.com,Yes
81,10569,mads nielsen,Denmark,Aarhus,62,2025-07-18,Standard,11018.15,24,user10569@example.com,N
82,10353,Clara Andersen,Denmark,Odense,68,2024-05-19,Standard,,18,user10353@example.com,Yes
83,10174,Ida Sørensen,Germany,Berlin,56,2024-10-12,Premium,11045.05,21,user10174@example.com,Yes
84,10356,Alexander Rasmussen,Denmark,Aarhus,71,2024-01-05,Standard,11295.62,11,user10356@example.com,Yes
85,10272,Sofia Petersen,Denmark,Aarhus,70,2024-10-25,Standard,7712.7,14,user10272@example.com,Yes
86,10401,Laura Thomsen,Denmark,Odense,,2024-04-18,Premium,3777.89,14,user10401@example.com,Yes
87,10416,Victor Lindström,Denmark,Aarhus,42,2025-09-02,Standard,11979.03,25,user10416@example.com,Yes
88,10408,Amira Khalil,Norway,Oslo,40,2026-04-09,Premium,6524.31,18,user10408@example.com,No
89,10430,Sofie Larsen,Norway,Bergen,66,2025-10-22,Standard,6142.97,30,user10430@example.com,Yes
90,10345,William Pedersen,Norway,,62,2024-11-08,Standard,4761.34,7,user10345@example.com,Yes
91,10043,Sofie Larsen,Sweden,Malmö,28,2024-02-08,Standard,9457.17,29,user10043@example.com,Yes
92,10428,Adam Ali,Norway,Oslo,58,2025-11-23,Standard,6564.18,18,,Yes
93,10035,Sara Mohamed,Denmark,Odense,22,2025-07-01,Standard,4656.53,13,user10035@example.com,Yes
94,10066,Emma Jensen,Denmark,Copenhagen,46,2026-01-02,Standard,20050.72,21,user10066@example.com,Yes
95,10273,Lucas Garcia,Denmark,Aarhus,62,2026-01-15,Standard,14762.68,15,user10273@example.com,Yes
96,10069,Leila Osman,Denmark,Odense,22,2024-08-18,Standard,13242.5,5,user10069@example.com,No
97,10311,Daniel Brown,Denmark,Aarhus,24,2024-02-03,Standard,13485.44,2,user10311@example.com,Yes
98,10168,Daniel Martin,Norway,Bergen,71,2026-02-26,Premium,2325.46,17,user10168@example.com,Yes
99,10370,Lucas Garcia,Germany,Berlin,52,2024-03-19,Basic,2600.36,25,user10370@example.com,Yes
100,10044,Adam Ali,Denmark,Odense,43,2024-09-17,Premium,20304.98,7,user10044@example.com,Yes
101,10546,Lina Osman,Denmark,,47,2024-04-09,Standard,17003.6,18,user10546@example.com,No
102,10198,Daniel Brown,Germany,Berlin,48,2025-05-22,Basic,1469.62,7,user10198@example.com,Yes
103,10002,Emily Wilson,Denmark,Odense,29,2025-11-03,Premium,15094.06,32,user10002@example.com,Yes
104,10003,Elias Hussein,Norway,Oslo,60,2024-05-20,Basic,7870.16,3,user10003@example.com,Yes
105,10482,Emil Johansson,Denmark,Odense,62,,Standard,,14,user10482@example.com,Yes
106,10048,Sofia Rossi,Denmark,Aalborg,60,2026-03-27,Standard,18196.4,8,user10048@example.com,Yes
107,10622,Sara Mohamed,Denmark,Aalborg,31,2024-02-04,Standard,17293.41,27,user10622@example.com,Yes
108,10323,Amira Khalil,Denmark,Copenhagen,24,2025-12-09,Basic,4540.2,16,user10323@example.com,Yes
109,10121,Adam Hassan,Sweden,Malmö,51,2026-07-06,Basic,7114.52,8,user10121@example.com,Yes
110,10159,Laura Thomsen,Sweden,Malmö,37,2025-08-16,Standard,10958.08,33,user10159@example.com,No
111,10449,isabella romano,Denmark,Copenhagen,,2024-09-17,Premium,3841.53,4,user10449@example.com,Yes
112,10642,Laura Thomsen,Norway,Oslo,29,2026-04-13,Basic,8157.7,18,user10642@example.com,No
113,10164,Clara Andersen,Denmark,Aalborg,19,2024-03-25,Standard,20842.81,19,user10164@example.com,no
114,10109,Emma Jensen,Denmark,Copenhagen,57,2024-06-17,Premium,12148.82,23,,No
115,10173,  Oscar Berg ,Denmark,Odense,28,2025-06-24,Standard,11981.2,9,user10173@example.com,Yes
116,10640,IDA SØRENSEN,Norway,Oslo,20,2026-11-01,Standard,8717.3,17,user10640@example.com,NO
117,10531,Sofia Petersen,Sweden,Stockholm,37,2024-02-20,Standard,12861.74,6,user10531@example.com,Yes
118,10362,Lina Osman,Denmark,Aarhus,40,2025-06-09,Premium,5453.61,11,user10362@example.com,No
119,10505,William Pedersen,Denmark,Aalborg,55,2024-03-02,Standard,9462.75,5,user10505@example.com,Yes
120,10131,Maya Lindberg,Denmark,Aalborg,69,2026-01-18,Standard,16393.58,3,user10131@example.com,No
121,10288,Oliver Hansen,Denmark,Copenhagen,21,2024-04-29,Standard,14827.58,10,user10288@example.com,Yes
122,10525,Elena Müller,Denmark,Aarhus,41,2025-01-22,Standard,25691.73,33,user10525@example.com,Yes
123,10551,Oliver Hansen,Denmark,Odense,56,2026-10-04,Premium,9599.39,23,user10551@example.com,No
124,10209,Nora Eriksson,Denmark,Aalborg,60,2026-01-27,Standard,13386.37,24,user10209@example.com,no
125,10333,Oliver Hansen,Sweden,Malmö,26,2024-07-04,Standard,8536.0,23,user10333@example.com,Yes
126,10563,Leo Wagner,Norway,Bergen,26,2025-08-30,Premium,24341.34,1,user10563@example.com,Yes
127,10047,Nora Eriksson,Denmark,Odense,48,2024-07-09,Standard,10295.23,11,user10047@example.com,Yes
128,10397,Maya Lindberg,Norway,Oslo,34,2025-07-31,Basic,10081.85,19,,Yes
129,10089,Victor Lindström,Denmark,Aalborg,52,2026-11-02,Standard,11159.51,23,user10089@example.com,Yes
130,10335,Emily Wilson,Denmark,Odense,61,2025-11-08,Premium,7598.37,17,user10335@example.com,No
131,10096,Yasmin Ahmed,Sweden,Gothenburg,37,2025-11-14,Premium,4748.74,33,user10096@example.com,Yes
132,10620,Sara Mohamed,Denmark,Aalborg,41,2025-02-10,Basic,8086.1,25,user10620@example.com,Yes
133,10594,Sofia Rossi,Sweden,Stockholm,28,2024-09-27,Standard,11847.31,24,user10594@example.com,Yes
134,10614,Daniel Brown,Germany,Hamburg,70,2025-03-07,Standard,12545.9,9,user10614@example.com,No
135,10102,Alexander Rasmussen,Sweden,,60,2026-04-24,Premium,3384.06,7,user10102@example.com,Yes
136,10460,Yasmin Ahmed,Sweden,Malmö,32,2026-03-02,Basic,24584.59,15,user10460@example.com,Yes
137,10279,Sofie Larsen,Germany,Hamburg,65,2024-06-17,Premium,7133.78,26,user10279@example.com,Yes
138,10497,  Omar Mohamed ,Denmark,Aalborg,,2025-08-02,Premium,12470.62,7,user10497@example.com,Yes
139,10225,Lina Osman,Denmark,Aarhus,51,2024-09-25,Standard,21333.94,3,user10225@example.com,Yes
140,10040,Emily Wilson,Sweden,Gothenburg,64,2024-06-15,Premium,21963.17,7,user10040@example.com,Yes
141,10412,Maya Lindberg,Sweden,Gothenburg,45,2025-02-25,Premium,9969.62,28,user10412@example.com,Yes
142,10018,Yasmin Ahmed,Denmark,Copenhagen,20,2025-09-13,Basic,12449.57,20,user10018@example.com,Yes
143,10200,Leo Wagner,Denmark,Aalborg,39,2025-03-22,Premium,6744.69,11,user10200@example.com,N
144,10041,Sara Mohamed,Denmark,Odense,30,2024-12-29,Premium,7022.45,12,user10041@example.com,No
145,10138,maya patel,Denmark,Odense,28,2025-10-24,Standard,7655.94,15,user10138@example.com,No
146,10481,Mads Nielsen,Denmark,Aarhus,41,2025-11-10,Standard,20091.25,11,user10481@example.com,Yes
147,10440,Ida Sørensen,Sweden,Gothenburg,28,2024-05-30,Premium,10976.26,2,user10440@example.com,Yes
148,10509,Oliver Hansen,Denmark,Copenhagen,66,2024-03-13,Standard,6777.34,19,user10509@example.com,Yes
149,10644,Mads Nielsen,Denmark,Aarhus,46,2024-06-30,Standard,21110.76,25,user10644@example.com,Yes
150,10312,William Pedersen,Denmark,Aalborg,22,2024-01-06,Basic,14338.46,6,user10312@example.com,Yes
151,10204,Anna Schmidt,Denmark,Odense,21,2024-09-11,Basic,12702.43,28,user10204@example.com,no
152,10410,Ida Sørensen,Germany,Hamburg,61,2025-03-20,Premium,18611.17,17,user10410@example.com,Yes
153,10433,Elias Hussein,Sweden,Gothenburg,48,2024-12-07,Premium,6898.51,6,user10433@example.com,No
154,10042,William Pedersen,Norway,Oslo,44,2025-02-21,Standard,11442.68,21,user10042@example.com,Yes
155,10468,Maya Lindberg,Germany,Hamburg,56,2024-08-13,Standard,19926.14,31,user10468@example.com,YES
156,10330,William Pedersen,Denmark,Odense,53,2024-10-03,Standard,,21,user10330@example.com,Yes
157,10419,Emily Wilson,Denmark,Aarhus,50,2025-01-18,Standard,10222.34,2,user10419@example.com,Yes
158,10178,Daniel Martin,Germany,Berlin,66,2026-06-03,Standard,5048.36,6,user10178@example.com,yes
159,10386,Amina Hassan,Germany,Berlin,53,2025-01-03,Standard,8065.82,10,user10386@example.com,Yes
160,10603,sofia rossi,Germany,Hamburg,59,2024-04-04,Standard,20973.19,29,user10603@example.com,Yes
161,10155,Adam Ali,Denmark,Aalborg,71,2024-12-19,Standard,,22,user10155@example.com,Yes
162,10199,Maya Lindberg,Denmark,Aalborg,56,2025-06-28,Basic,19930.74,15,user10199@example.com,Yes
163,10459,Adam Ali,Norway,Oslo,39,2025-03-18,Standard,3908.02,12,user10459@example.com,Yes
164,10278,Daniel Brown,Denmark,Aalborg,68,2024-03-22,Premium,5308.66,24,user10278@example.com,Yes
165,10255,Maya Lindberg,Denmark,Copenhagen,57,2024-01-16,Standard,19946.87,15,user10255@example.com,Yes
166,10347,Emil Johansson,Germany,Hamburg,49,2024-01-11,Standard,20676.12,8,user10347@example.com,Yes
167,10123,YASMIN AHMED,Denmark,Copenhagen,24,2024-04-10,Standard,10781.55,1,user10123@example.com,Yes
168,10214,Emil Johansson,Norway,Bergen,70,2024-02-15,Standard,19833.11,31,user10214@example.com,Yes
169,10511,Alexander Rasmussen,Denmark,Copenhagen,47,2024-05-06,Basic,,32,user10511@example.com,Yes
170,10077,Leila Osman,Denmark,Odense,69,2024-05-24,Basic,8428.03,18,user10077@example.com,Yes
171,10285,Noah Khan,Denmark,Odense,37,2024-03-19,Basic,6495.6,5,user10285@example.com,Yes
172,10175,Omar Mohamed,Denmark,Odense,47,2025-03-07,Standard,8585.41,10,user10175@example.com,Yes
173,10277,Sara Mohamed,Denmark,Aalborg,53,2024-04-29,Standard,6610.19,26,user10277@example.com,Yes
174,10005,Lina Osman,Denmark,Aalborg,58,2024-07-31,Basic,13186.22,11,user10005@example.com,Yes
175,10270,Omar Mohamed,Denmark,Aarhus,29,2026-09-04,Standard,16973.26,33,user10270@example.com,Yes
176,10222,Sofia Rossi,Denmark,Odense,62,2025-02-11,Standard,9253.13,19,user10222@example.com,Yes
177,10376,Omar Mohamed,Denmark,Aalborg,43,2025-10-30,Basic,,11,user10376@example.com,No
178,10593,Victor Lindström,Denmark,Aalborg,54,2025-05-18,Standard,,9,user10593@example.com,No
179,10389,Adam Hassan,Denmark,Aarhus,66,2024-03-15,Standard,15624.72,13,user10389@example.com,Yes
180,10256,Freja Møller,Sweden,Gothenburg,22,2026-10-03,Standard,6028.11,33,user10256@example.com,Yes
181,10498,Lucas Kristensen,Sweden,Stockholm,34,2026-05-06,Standard,4024.49,25,user10498@example.com,Yes
182,10254,Lina Osman,Denmark,Copenhagen,22,2024-06-30,Premium,13332.82,25,user10254@example.com,Yes
183,10310,William Pedersen,Denmark,Aalborg,36,2025-02-24,Standard,6959.67,20,user10310@example.com,Yes
184,10117,Noah Khan,Norway,Bergen,41,2025-12-07,Standard,9413.42,21,user10117@example.com,Yes
185,10149,Lucas Garcia,Denmark,Aalborg,40,2024-08-01,Premium,11553.76,29,user10149@example.com,Yes
186,10348,Maya Patel,Denmark,Copenhagen,44,2025-05-13,Premium,15671.66,21,user10348@example.com,No
187,10057,Emil Johansson,Denmark,Copenhagen,21,2024-05-09,Standard,6441.08,12,user10057@example.com,no
188,10269,Amira Khalil,Denmark,Copenhagen,64,2025-02-09,Basic,3516.25,11, user10269@example.com ,Yes
189,10006,Maya Patel,Germany,Hamburg,58,2024-06-18,Basic,9697.23,20,,Yes
190,10477,Emil Johansson,Denmark,Aarhus,23,2024-08-04,Premium,14718.89,22,user10477@example.com,Yes
191,10036,omar mohamed,Denmark,Aalborg,19,2025-02-25,Basic,15346.67,3,user10036@example.com,Yes
192,10156,Clara Andersen,Sweden,Malmö,65,2024-12-11,Standard,20008.37,25,user10156@example.com,Yes
193,10526,Amira Khalil,Denmark,Copenhagen,66,2024-06-18,Premium,9939.58,28,user10526@example.com,Yes
194,10589,Clara Andersen,Denmark,Odense,21,2026-05-13,Premium,8845.88,12,user10589@example.com,Yes
195,10649,Emma Jensen,Sweden,Gothenburg,25,2024-09-30,Basic,11580.57,11,user10649@example.com,Yes
196,10301,Anna Schmidt,Norway,Bergen,45,2025-01-30,Standard,36609.74,34,user10301@example.com,Yes
197,10639,Leila Osman,Norway,Bergen,65,2024-05-05,Standard,12584.82,5,user10639@example.com,Yes
198,10265,Adam Ali,Germany,Hamburg,22,2024-08-24,Basic,6368.62,11,user10265@example.com,No
199,10329,Daniel Martin,Sweden,Stockholm,28,2026-04-03,Basic,9199.09,1,user10329@example.com,Yes
200,10249,Elias Holm,Denmark,Odense,33,2024-04-20,Standard,9761.11,12,user10249@example.com,Yes
201,10627,Sofia Petersen,Norway,Oslo,49,2025-09-17,Standard,8599.93,17,user10627@example.com,Yes
202,10517,Alexander Rasmussen,Denmark,Copenhagen,51,2025-02-09,Basic,14613.07,27,user10517@example.com,Yes
203,10004,Victor Lindström,Sweden,Stockholm,48,2024-11-30,Basic,25358.11,8,user10004@example.com,Yes
204,10068,Maya Lindberg,Denmark,Odense,70,2024-12-25,Premium,12353.58,34,user10068@example.com,Yes
205,10320,Omar Mohamed,Germany,Berlin,38,2024-09-08,Basic,12441.96,25,user10320@example.com,Yes
206,10262,Laura Thomsen,Norway,Bergen,68,2025-06-04,Standard,11208.27,16,user10262@example.com,Yes
207,10555,Sofie Larsen,Denmark,Aarhus,21,2024-01-21,Standard,22029.11,24,user10555@example.com,Yes
208,10574,Adam Hassan,Norway,Oslo,36,2024-06-09,Standard,10699.79,7,user10574@example.com,Yes
209,10514,Elias Holm,Denmark,Odense,68,2025-07-27,Standard,,31,user10514@example.com,Yes
210,10508,elias holm,Norway,Bergen,37,2025-07-05,Premium,6703.69,21,user10508@example.com,Yes
211,10577,Alexander Rasmussen,Germany,Hamburg,51,2024-10-30,Basic,11770.33,9,user10577@example.com,Yes
212,10120,elias holm,Sweden,Stockholm,26,2024-04-16,Standard,5744.59,20,user10120@example.com,Yes
213,10140,Leila Osman,Denmark,Aarhus,36,2025-02-09,Standard,15483.43,3,user10140@example.com,Yes
214,10274,Isabella Romano,Sweden,Stockholm,29,2024-01-06,Premium,6137.32,28,user10274@example.com,Yes
215,10496,Ida Sørensen,Denmark,Aalborg,58,2026-06-06,Standard,6080.08,33,user10496@example.com,Yes
216,10544,Leo Wagner,Germany,Berlin,48,2025-08-13,Basic,8907.74,10, user10544@example.com ,Yes
217,10337,Freja Møller,Denmark,Aalborg,59,2025-11-02,Basic,5692.65,26,user10337@example.com,Yes
218,10619,Maya Lindberg,Denmark,Copenhagen,71,2024-07-18,Standard,16085.99,16,user10619@example.com,Yes
219,10573,Lina Osman,Denmark,Aarhus,41,2025-08-05,Standard,13902.34,26,user10573@example.com,Yes
220,10566,Emily Wilson,Sweden,Gothenburg,,2024-05-03,Basic,12048.36,26,user10566@example.com,No
221,10355,Freja Møller,Denmark,Aalborg,32,2026-12-04,Standard,4596.69,15,user10355@example.com,No
222,10189,Sofie Larsen,Sweden,Stockholm,18,2026-04-21,Basic,23544.82,28,user10189@example.com,Yes
223,10363,Lucas Kristensen,Denmark,Odense,70,2025-02-07,Standard,21560.93,11,user10363@example.com,No
224,10264,Amira Khalil,Denmark,Aarhus,51,2024-06-05,Standard,12781.6,0,user10264@example.com,Yes
225,10243,Oliver Hansen,Denmark,Copenhagen,59,2024-11-30,Standard,10337.8,26,user10243@example.com,Yes
226,10495,  Elias Holm ,Norway,Bergen,67,2024-05-08,Standard,8681.77,31,user10495@example.com,Yes
227,10074,Emily Wilson,Denmark,Odense,28,2025-07-29,Basic,9034.02,14,user10074@example.com,Yes
228,10012,Emil Johansson,Germany,Berlin,68,2025-07-03,Standard,22186.53,5,user10012@example.com,Yes
229,10203,Alexander Rasmussen,Denmark,Aalborg,71,2025-11-02,Basic,11533.42,25,user10203@example.com,No
230,10343,Oscar Berg,Norway,Oslo,59,2026-05-06,Standard,7408.56,6,user10343@example.com,Yes
231,10260,Nora Eriksson,Sweden,Malmö,42,2024-10-11,Premium,8664.9,19,user10260@example.com,Yes
233,10564,Sofia Petersen,Sweden,Gothenburg,,2025-02-02,Premium,10289.78,26,,Yes
234,10289,Nora Eriksson,Denmark,Copenhagen,26,2025-04-20,Standard,9466.82,26,user10289@example.com,Yes
235,10442,Lucas Garcia,Denmark,Aarhus,33,2025-07-17,Basic,10896.41,14,user10442@example.com,Yes
236,10283,Amina Hassan,Denmark,Aalborg,48,2024-02-25,Premium,10507.97,8,user10283@example.com,Yes
237,10309,Alexander Rasmussen,Denmark,Aarhus,24,2024-05-31,Premium,8917.81,15,user10309@example.com,Yes
238,10190,Amina Hassan,Denmark,Copenhagen,63,2026-01-16,Premium,15974.91,16,user10190@example.com,Yes
239,10116,Daniel Brown,Norway,Bergen,43,,Basic,13679.55,3,user10116@example.com,No
240,10486,Alexander Rasmussen,Denmark,Odense,37,2024-02-07,Basic,11157.28,9,user10486@example.com,Yes
241,10229,Emma Jensen,Sweden,Stockholm,51,2025-03-01,Premium,6681.13,28,user10229@example.com,Yes
242,10450,Sofia Rossi,Sweden,Gothenburg,,2025-11-14,Standard,8545.24,24,user10450@example.com,Yes
243,10268,Lina Osman,Denmark,Aalborg,26,2026-03-23,Basic,6322.5,10,,Yes
244,10241,Elias Holm,Norway,Oslo,41,2024-07-04,Premium,20602.38,23,user10241@example.com,Yes
245,10025,Nora Eriksson,Norway,Bergen,67,2024-08-06,Premium,13990.09,3,user10025@example.com,Y
246,10543,Isabella Romano,Norway,Bergen,42,2024-08-17,Premium,6946.75,31,user10543@example.com,Yes
247,10059,Sofie Larsen,Denmark,Aalborg,54,2024-01-22,Premium,5967.05,22,user10059@example.com,Yes
248,10632,Elias Holm,Norway,Oslo,29,2024-07-20,Basic,13963.05,19,user10632@example.com,Yes
250,10014,Nora Eriksson,Norway,Bergen,50,2026-02-14,Premium,12808.07,31,user10014@example.com,No
251,10489,Maya Lindberg,Denmark,Aalborg,30,2025-08-24,Standard,13255.52,34,,Yes
252,10395,Freja Møller,Denmark,Odense,59,2026-05-13,Standard,10614.4,24,user10395@example.com,Yes
253,10403,Elias Hussein,Norway,Bergen,68,2025-03-01,Standard,15056.97,15,user10403@example.com,No
254,10197,Adam Ali,Sweden,Malmö,65,2024-10-15,Premium,17035.97,34,user10197@example.com,Yes
255,10464,Lina Osman,Denmark,,24,2024-07-20,Standard,10822.32,20,user10464@example.com,Yes
256,10352,Emma Jensen,Denmark,Aarhus,45,2025-03-07,Basic,6339.91,24,user10352@example.com,N
257,10361,Lina Osman,Germany,Hamburg,67,2025-05-18,Standard,8561.69,17,user10361@example.com,Yes
258,10354,Yasmin Ahmed,Denmark,Aalborg,41,2025-07-15,Standard,12181.33,31,user10354@example.com,No
259,10438,Oliver Hansen,Denmark,Aalborg,26,2026-04-26,Premium,4009.19,18,user10438@example.com,Yes
260,10072,Emil Johansson,Denmark,Odense,64,2024-05-25,Premium,6993.26,4,user10072@example.com,Yes
261,10313,Maya Patel,Denmark,,43,2025-01-13,Standard,12202.28,32,user10313@example.com,No
262,10455,Noah Khan,Denmark,Copenhagen,,2026-04-30,Basic,10613.52,34,user10455@example.com,Yes
263,10334,Victor Lindström,Norway,Bergen,41,2024-03-10,Standard,12082.41,7,user10334@example.com,Yes
264,10417,Noah Khan,Denmark,Copenhagen,46,2025-06-14,Standard,8958.45,27,user10417@example.com,Yes
265,10400,Leila Osman,Denmark,Odense,53,2025-10-25,Premium,13111.63,31,user10400@example.com,Yes
266,10328,Yasmin Ahmed,Denmark,Aarhus,35,2026-09-02,Premium,17052.27,19,user10328@example.com,Yes
267,10553,Maya Lindberg,Denmark,Aalborg,28,2025-12-25,Basic,19227.89,31,user10553@example.com,Yes
268,10030,Emil Johansson,Sweden,Gothenburg,20,2025-10-18,Premium,16900.35,23, user10030@example.com ,No
269,10093,Omar Mohamed,Denmark,Odense,67,2024-03-30,Standard,8404.57,3,user10093@example.com,Yes
270,10358,Nora Eriksson,Norway,Oslo,44,2025-09-16,Standard,16366.68,23,user10358@example.com,Yes
272,10192,Elias Holm,Denmark,Aalborg,26,2024-01-23,Standard,7184.5,3,,Yes
273,10091,Anna Schmidt,Denmark,Copenhagen,,2025-05-02,Standard,18851.97,7,user10091@example.com,Yes
274,10067,Anna Schmidt,Denmark,Copenhagen,30,2025-07-22,Standard,13094.01,7,user10067@example.com,no
275,10220,Maya Lindberg,Denmark,Aalborg,56,2026-02-18,Standard,7330.67,22,user10220@example.com,Yes
276,10172,Elias Hussein,Denmark,Aalborg,20,2025-10-12,Premium,17678.34,6, user10172@example.com ,Yes
277,10217,Elias Holm,Denmark,Copenhagen,54,2025-04-29,Basic,10102.71,7,user10217@example.com,Yes
278,10024,Victor Lindström,Germany,Hamburg,67,2024-12-29,Standard,19835.23,17,user10024@example.com,Yes
279,10602,Sara Mohamed,Norway,Oslo,67,2024-02-11,Standard,8055.31,6,user10602@example.com,Yes
280,10591,Lucas Kristensen,Germany,Hamburg,18,,Standard,10704.95,7,user10591@example.com,Yes
281,10234,Lucas Kristensen,Sweden,Stockholm,47,2024-07-26,Premium,7981.12,28,user10234@example.com,Yes
282,10385,Sofia Petersen,Denmark,Odense,56,2026-05-14,Premium,14522.8,11,,Yes
283,10150,Sofie Larsen,Denmark,Aarhus,70,2025-11-10,Standard,10676.26,16,user10150@example.com,Yes
284,10424,Lucas Garcia,Denmark,Copenhagen,28,2024-01-01,Standard,,18,user10424@example.com,NO
285,10163,Mads Nielsen,Denmark,Aalborg,37,2024-07-18,Premium,4893.04,11,user10163@example.com,Yes
286,10413,Victor Lindström,Denmark,Aalborg,20,2026-05-21,Standard,11466.02,18,user10413@example.com,Yes
287,10513,Maya Patel,Denmark,Copenhagen,21,2025-02-06,Basic,13708.72,24,user10513@example.com,Yes
288,10153,Clara Andersen,Denmark,Aarhus,49,2024-05-21,Basic,5620.28,5,user10153@example.com,Yes
289,10303,Leo Wagner,Denmark,Aarhus,64,2026-04-24,Standard,12395.1,4,user10303@example.com,Yes
290,10127,  Maya Patel ,Denmark,Copenhagen,25,2025-03-30,Basic,7739.83,15,user10127@example.com,Yes
291,10027,Elias Hussein,Denmark,Aalborg,70,2024-05-03,Standard,14583.57,16,user10027@example.com,Yes
292,10539,Ida Sørensen,Denmark,Odense,43,2026-05-28,Premium,,34,user10539@example.com,Yes
293,10528,Omar Mohamed,Germany,Hamburg,67,2026-04-02,Premium,11395.17,4,user10528@example.com,Yes
294,10095,Ida Sørensen,Denmark,Copenhagen,68,2025-04-28,Basic,4870.02,22,user10095@example.com,Yes
295,10556,Nora Eriksson,Denmark,Aarhus,63,2026-02-02,Premium,7172.02,7,user10556@example.com,Yes
296,10267,Leila Osman,Denmark,Copenhagen,35,2024-01-06,Premium,14978.01,7,,Yes
297,10144,Oscar Berg,Denmark,Aarhus,69,2024-06-18,Premium,24427.82,9,user10144@example.com,Yes
298,10425,Sara Mohamed,Sweden,Gothenburg,38,2025-04-08,Standard,10141.59,12,,Yes
299,10584,Leo Wagner,Denmark,Aarhus,21,2025-08-16,Premium,4993.88,20,user10584@example.com,Yes
300,10108,Nora Eriksson,Denmark,Odense,34,2026-02-28,Standard,5091.27,2,user10108@example.com,Yes
301,10122,Omar Mohamed,Sweden,,54,2024-02-08,Standard,17108.16,8,user10122@example.com,Yes
302,10193,Mads Nielsen,Denmark,Aalborg,56,2025-02-13,Basic,15877.22,12,user10193@example.com,Yes
303,10580,Sofie Larsen,Denmark,Odense,27,2024-05-15,Standard,9814.48,16,user10580@example.com,Yes
304,10087,Adam Ali,Sweden,Stockholm,31,2025-04-15,Basic,5286.46,15,user10087@example.com,No
305,10086,Alexander Rasmussen,Denmark,Aalborg,44,2024-07-23,Basic,14539.82,4,user10086@example.com,Yes
306,10058,William Pedersen,Denmark,Aarhus,32,2024-01-05,Premium,7434.73,33,user10058@example.com,Yes
307,10462,Emily Wilson,Denmark,,34,2026-06-17,Basic,11586.58,17,user10462@example.com,Yes
308,10107,Emil Johansson,Denmark,Odense,56,2024-02-21,Basic,10889.4,31,user10107@example.com,No
309,10244,Adam Ali,Denmark,Aarhus,44,2025-10-31,Premium,4570.39,17,user10244@example.com,No
310,10415,Noah Khan,Denmark,Aalborg,44,2025-06-04,Standard,10428.39,22,user10415@example.com,Yes
311,10246,Yasmin Ahmed,Norway,Bergen,42,2025-04-23,Basic,13648.09,9,user10246@example.com,Yes
312,10474,Daniel Martin,Denmark,Aalborg,60,2026-06-13,Premium,7817.18,8,user10474@example.com,Yes
313,10457,Emil Johansson,Germany,Hamburg,61,2024-05-20,Standard,8169.27,17,user10457@example.com,Yes
314,10490,Elena Müller,Denmark,Aarhus,43,2026-01-19,Basic,7264.38,14,user10490@example.com,Yes
315,10055,IDA SØRENSEN,Sweden,Gothenburg,63,2024-04-16,Premium,29180.3,4,user10055@example.com,No
316,10504,Laura Thomsen,Denmark,Copenhagen,41,2024-08-30,Basic,11245.49,27,user10504@example.com,Yes
317,10519,  William Pedersen ,Denmark,Aarhus,19,2025-12-27,Standard,14669.86,30,,Yes
318,10223,Lucas Kristensen,Sweden,Gothenburg,24,2025-10-23,Standard,4686.71,28,user10223@example.com,No
319,10318,Amina Hassan,Sweden,Gothenburg,69,2024-05-18,Standard,3422.78,10,user10318@example.com,Yes
320,10034,Isabella Romano,Denmark,Aalborg,48,2024-03-29,Standard,,4,user10034@example.com,Yes
321,10170,Clara Andersen,Germany,Berlin,5,2024-12-09,Standard,12542.08,6,user10170@example.com,Yes
322,10616,Amina Hassan,Sweden,Stockholm,32,2025-11-29,Standard,11978.71,34,user10616@example.com,Yes
323,10535,Emily Wilson,Denmark,Copenhagen,56,2026-05-06,Standard,20237.21,9,,No
324,10380,Amina Hassan,Sweden,Malmö,43,2026-01-16,Standard,9943.47,27,user10380@example.com,Yes
325,10307,William Pedersen,Denmark,Aalborg,51,2025-09-26,Basic,9564.7,15,user10307@example.com,NO
326,10392,Victor Lindström,Denmark,Copenhagen,52,2026-04-15,Premium,8677.53,11,user10392@example.com,Yes
327,10080,Sara Mohamed,Norway,Oslo,38,2026-05-04,Standard,6303.86,24,user10080@example.com,Yes
328,10099,Mads Nielsen,Denmark,Aalborg,24,2024-04-19,Premium,9056.79,34,user10099@example.com,Yes
329,10115,Yasmin Ahmed,Denmark,Odense,,2024-05-25,Standard,14972.47,13,user10115@example.com,Yes
330,10136,Sofie Larsen,Denmark,Odense,25,2024-10-08,Standard,8434.08,34,user10136@example.com,Yes
331,10554,Freja Møller,Germany,Hamburg,60,2024-01-20,Basic,4608.64,4,user10554@example.com,Yes
332,10405,Amira Khalil,Germany,Hamburg,56,2025-08-24,Standard,11248.58,21,user10405@example.com,Yes
333,10196,Oscar Berg,Denmark,Copenhagen,67,2025-02-10,Basic,15671.05,8,user10196@example.com,No
334,10261,Mathias Poulsen,Denmark,Odense,28,2026-05-24,Basic,11372.38,17,user10261@example.com,Yes
335,10599,Lucas Garcia,Germany,Hamburg,70,2025-10-28,Standard,11648.78,26,user10599@example.com,Yes
336,10105,Lucas Kristensen,Norway,Bergen,21,2026-05-27,Standard,14834.1,999,user10105@example.com,Yes
337,10238,Sofie Larsen,Norway,Oslo,66,2026-12-05,Standard,10916.13,26,user10238@example.com,Yes
338,10033,Emily Wilson,Denmark,Aarhus,67,2026-05-22,Basic,6167.32,28,user10033@example.com,N
339,10083,Emil Johansson,Norway,Oslo,39,2024-11-08,Standard,9350.57,32,user10083@example.com,Yes
340,10049,Lucas Garcia,Sweden,Malmö,68,2025-04-29,Basic,9161.73,26,user10049@example.com,Yes
341,10418,Daniel Martin,Norway,Oslo,29,2024-06-11,Standard,4208.57,22,user10418@example.com,Yes
342,10381,Adam Hassan,Denmark,Aarhus,56,2025-02-21,Standard,,21,user10381@example.com,Yes
343,10548,Sara Mohamed,Denmark,Aalborg,63,2024-02-28,Premium,6058.85,4,user10548@example.com,Yes
344,10298,Lucas Garcia,Norway,Oslo,51,2026-04-03,Standard,5339.26,23,user10298@example.com,Yes
345,10411,Emil Johansson,Sweden,Stockholm,37,2025-05-16,Basic,5712.92,20,user10411@example.com,Yes
346,10488,Oliver Hansen,Denmark,Odense,27,2025-04-20,Standard,13480.37,1,user10488@example.com,Yes
347,10148,Leila Osman,Denmark,Aalborg,61,2026-05-14,Premium,,4,user10148@example.com,Yes
348,10013,Daniel Brown,Sweden,Malmö,27,2025-10-28,Standard,6000.72,4,,No
349,10612,Victor Lindström,Sweden,Stockholm,32,2025-02-08,Standard,7827.08,19,user10612@example.com,Yes
350,10638,Adam Ali,Sweden,Malmö,71,2024-08-06,Premium,11143.52,29,user10638@example.com,No
351,10184,Sofie Larsen,Denmark,Copenhagen,63,2024-10-30,Basic,10374.47,20,user10184@example.com,No
352,10567,Sofie Larsen,Norway,Bergen,,2025-10-02,Premium,3906.21,8,user10567@example.com,Yes
353,10618,Elias Holm,Denmark,Odense,41,2025-12-30,Premium,16065.41,2,user10618@example.com,Yes
354,10557,Sofia Petersen,Denmark,Copenhagen,59,2024-02-04,Basic,4208.28,3,user10557@example.com,Yes
355,10478,Freja Møller,Sweden,Stockholm,62,2025-04-19,Standard,10754.09,10,,Yes
356,10583,Lucas Kristensen,Denmark,Aalborg,58,2025-12-28,Standard,9403.88,20,user10583@example.com,Yes
357,10339,Lucas Kristensen,Denmark,Aalborg,66,2025-08-08,Premium,18202.98,20,user10339@example.com,Yes
358,10016,Mathias Poulsen,Denmark,Odense,54,2025-01-08,Premium,14094.15,19,user10016@example.com,Yes
359,10304,Anna Schmidt,Denmark,,51,2025-03-10,Standard,,1,user10304@example.com,Yes
360,10441,Oscar Berg,Norway,Oslo,39,2024-12-27,Standard,5405.74,2,user10441@example.com,No
361,10037,Noah Khan,Denmark,Aalborg,36,2024-04-27,Standard,8304.03,32,user10037@example.com,No
362,10293,DANIEL MARTIN,Germany,Hamburg,37,2024-03-17,Standard,13549.52,30,user10293@example.com,Yes
363,10162,Anna Schmidt,Germany,Berlin,,2026-06-06,Standard,36958.35,9,user10162@example.com,Yes
364,10604,Alexander Rasmussen,Sweden,Malmö,25,2024-12-11,Basic,7928.84,8,user10604@example.com,Yes
365,10294,Emma Jensen,Denmark,Aarhus,67,2025-11-27,Standard,12643.35,7,user10294@example.com,Yes
366,10232,Emma Jensen,Denmark,Aarhus,60,2024-08-09,Basic,14412.8,13,user10232@example.com,No
367,10143,Adam Hassan,Germany,Berlin,45,2025-12-18,Standard,9655.82,1,user10143@example.com,Yes
368,10181,Freja Møller,Germany,Berlin,34,2024-12-08,Premium,4421.26,19,user10181@example.com,Yes
369,10325,Adam Ali,Norway,Oslo,40,2026-07-05,Basic,4558.56,30,user10325@example.com,Yes
370,10275,William Pedersen,Sweden,Stockholm,38,2024-09-18,Basic,16390.69,17,user10275@example.com,Yes
371,10114,Daniel Brown,Denmark,Odense,46,2026-08-01,Premium,22822.21,23,user10114@example.com,Yes
372,10015,Amira Khalil,Denmark,Aalborg,23,2025-04-18,Premium,12994.4,23,user10015@example.com,Yes
373,10210,Elias Hussein,Denmark,Copenhagen,28,2024-12-22,Premium,11287.23,23,user10210@example.com,Yes
374,10085,Daniel Martin,Denmark,Aalborg,45,2024-06-03,Premium,9670.82,12,user10085@example.com,Yes
375,10132,Lucas Kristensen,Germany,Hamburg,46,2025-09-12,Premium,5850.67,34, user10132@example.com ,Yes
376,10437,Amina Hassan,Denmark,Aalborg,61,2024-05-04,Basic,13146.0,1,user10437@example.com,No
378,10182,Emma Jensen,Germany,Berlin,68,2025-11-24,Basic,7647.82,2,user10182@example.com,Yes
379,10550,Freja Møller,Denmark,Aalborg,23,2024-02-19,Premium,18064.61,31,user10550@example.com,Yes
380,10650,Anna Schmidt,Denmark,Copenhagen,39,2026-12-04,Basic,5903.97,1,user10650@example.com,Yes
381,10326,Omar Mohamed,Sweden,Stockholm,27,2025-09-09,Premium,6460.65,32,user10326@example.com,Yes
382,10276,Anna Schmidt,Denmark,Odense,45,2024-07-09,Standard,7097.77,33,user10276@example.com,No
383,10523,Anna Schmidt,Denmark,Copenhagen,43,2025-04-19,Standard,11296.86,17,user10523@example.com,Yes
385,10336,Sara Mohamed,Sweden,Gothenburg,30,2024-07-13,Premium,9940.36,4,user10336@example.com,No
386,10151,Mathias Poulsen,Norway,Bergen,31,2026-02-01,Basic,17335.89,25,user10151@example.com,Yes
387,10427,Adam Hassan,Denmark,Aalborg,24,2024-11-25,Basic,5518.86,5,user10427@example.com,Yes
388,10605,Emil Johansson,Germany,Berlin,34,2025-09-03,Standard,6716.82,20,user10605@example.com,Yes
389,10365,Sara Mohamed,Sweden,Malmö,57,2025-07-11,Standard,10059.36,23,user10365@example.com,Yes
390,10026,Lucas Kristensen,Denmark,Aarhus,49,2026-11-04,Premium,26734.44,9,user10026@example.com,No
391,10051,Clara Andersen,Denmark,Aalborg,65,2025-07-26,Basic,9802.52,30,user10051@example.com,Yes
392,10568,Elena Müller,Denmark,Odense,32,2025-12-23,Standard,5424.18,7,user10568@example.com,Yes
393,10641,Freja Møller,Sweden,Malmö,29,2025-05-25,Basic,9005.84,16,user10641@example.com,Yes
395,10476,William Pedersen,Denmark,Odense,58,2026-10-06,Standard,15704.24,18,user10476@example.com,Yes
396,10609,Mads Nielsen,Sweden,Malmö,40,2024-10-19,Standard,18927.79,31,user10609@example.com,Yes
397,10065,Adam Ali,Sweden,Stockholm,29,2024-12-28,Standard,7136.9,2,user10065@example.com,Yes
398,10129,Laura Thomsen,Denmark,Copenhagen,49,2026-02-10,Standard,8946.91,5,user10129@example.com,Yes
399,10183,Mathias Poulsen,Denmark,Odense,,2024-05-07,Basic,10489.04,15,user10183@example.com,Yes
400,10399,Sofia Petersen,Denmark,Aarhus,41,2026-06-17,Premium,8830.76,21,user10399@example.com,No
401,10201,Sara Mohamed,Norway,Oslo,60,2025-02-03,Standard,18653.53,15,user10201@example.com,Yes
402,10202,Laura Thomsen,Germany,Hamburg,42,2024-02-19,Premium,8772.54,31,,Yes
403,10541,Oscar Berg,Germany,Hamburg,44,2024-10-04,Basic,10995.26,21,user10541@example.com,Yes
404,10300,Sofia Rossi,Sweden,Stockholm,28,2025-07-28,Standard,24886.47,15,user10300@example.com,Yes
405,10521,Anna Schmidt,Norway,Bergen,51,2025-01-16,Standard,10027.23,12,user10521@example.com,Yes
406,10052,Daniel Martin,Denmark,Aarhus,65,2024-08-27,Standard,5943.56,30,user10052@example.com,Yes
407,10237,Freja Møller,Denmark,Copenhagen,70,2024-02-11,Basic,8486.79,18,user10237@example.com,No
408,10028,Oliver Hansen,Denmark,Copenhagen,18,2024-09-08,Basic,6457.23,12,user10028@example.com,Yes
410,10578,Victor Lindström,Sweden,Gothenburg,34,2025-09-05,Premium,12733.43,13,user10578@example.com,Yes
411,10595,William Pedersen,Denmark,Aalborg,57,2026-08-04,Standard,14471.49,16,,Yes
412,10421,Oliver Hansen,Sweden,Malmö,36,2024-09-05,Standard,5913.16,5,user10421@example.com,No
413,10512,Maya Patel,Norway,Oslo,59,2025-03-30,Standard,9173.7,23,user10512@example.com,No
414,10332,Victor Lindström,Denmark,Copenhagen,54,2025-11-19,Premium,17400.07,3,user10332@example.com,Yes
415,10252,NORA ERIKSSON,Norway,Oslo,39,2025-07-30,Basic,7847.13,13,user10252@example.com,Yes
416,10284,EMILY WILSON,Denmark,Aarhus,20,2026-09-06,Basic,10989.65,5,user10284@example.com,Yes
417,10125,Laura Thomsen,Denmark,Odense,60,2025-08-28,Standard,8040.37,8,user10125@example.com,Yes
418,10435,Nora Eriksson,Denmark,Aarhus,23,2026-05-27,Standard,14560.99,22,user10435@example.com,Yes
419,10062,Clara Andersen,Denmark,Copenhagen,59,2024-12-27,Standard,4353.38,25,user10062@example.com,Yes
420,10161,Daniel Brown,Denmark,Copenhagen,25,2024-04-03,Standard,14047.4,15,user10161@example.com,No
421,10646,  Sofie Larsen ,Norway,Oslo,61,2026-04-16,Basic,9928.62,9,user10646@example.com,Yes
422,10271,Oliver Hansen,Denmark,Aalborg,33,2026-01-13,Standard,5395.37,5,user10271@example.com,Yes
423,10500,Amina Hassan,Denmark,Aarhus,,2026-03-26,Standard,18989.55,34,user10500@example.com,Yes
424,10308,Yasmin Ahmed,Sweden,Stockholm,69,2024-07-11,Basic,6640.89,23,user10308@example.com,YES
425,10562,Mathias Poulsen,Denmark,Aalborg,66,2025-04-02,Standard,12247.42,21,user10562@example.com,Yes
426,10111,Clara Andersen,Denmark,Aalborg,21,2026-05-06,Basic,3808.49,24,user10111@example.com,Yes
427,10187,FREJA MØLLER,Denmark,,33,2024-09-21,Standard,2341.02,23,user10187@example.com,Yes
428,10316,Freja Møller,Denmark,Aarhus,,2024-08-22,Premium,14418.98,13,user10316@example.com,Yes
429,10598,Nora Eriksson,Sweden,Stockholm,61,2024-11-19,Premium,14044.15,1,user10598@example.com,Yes
430,10137,Oscar Berg,Germany,Berlin,49,2025-11-27,Standard,7662.38,19,user10137@example.com,No
431,10021,Sofie Larsen,Norway,Bergen,63,2024-05-28,Standard,16380.36,24,user10021@example.com,Yes
432,10344,Yasmin Ahmed,Sweden,Gothenburg,28,2025-05-26,Standard,9933.91,8,user10344@example.com,Yes
433,10570,Elena Müller,Denmark,Aalborg,50,2026-03-14,Premium,13357.44,3,user10570@example.com,Yes
434,10615,Emil Johansson,Denmark,Copenhagen,48,2025-07-22,Standard,8064.82,26,user10615@example.com,Yes
435,10218,Mads Nielsen,Denmark,Aalborg,64,2024-08-19,Standard,10918.7,13,user10218@example.com,Yes
436,10160,Amina Hassan,Norway,Oslo,41,2025-03-02,Premium,6196.77,29,user10160@example.com,Yes
437,10046,Omar Mohamed,Norway,Oslo,18,2025-12-17,Basic,5834.72,30,,Yes
438,10436,Daniel Brown,Denmark,Aalborg,69,2024-05-18,Standard,8423.47,14,user10436@example.com,Yes
440,10453,Noah Khan,Sweden,Gothenburg,58,2024-12-08,Basic,8817.53,3,user10453@example.com,No
441,10038,Mathias Poulsen,Denmark,Aarhus,58,2024-06-29,Standard,7039.58,7,user10038@example.com,Yes
442,10407,Omar Mohamed,Denmark,Copenhagen,50,2025-08-04,Standard,12689.18,2,user10407@example.com,Yes
443,10466,Adam Hassan,Sweden,Stockholm,47,,Premium,13133.49,1,user10466@example.com,No
444,10559,Amina Hassan,Sweden,Stockholm,,2025-12-04,Standard,10546.1,29,user10559@example.com,Yes
445,10098,Maya Patel,Denmark,Odense,40,2024-04-25,Standard,8254.99,5,user10098@example.com,No
446,10579,Lucas Garcia,Norway,Oslo,29,2025-05-09,Basic,19340.45,3,user10579@example.com,Yes
447,10507,Emma Jensen,Denmark,Aalborg,64,2025-07-27,Premium,21504.47,12,,No
448,10101,NORA ERIKSSON,Germany,Hamburg,65,2024-05-23,Basic,14144.8,25,user10101@example.com,Yes
450,10552,Laura Thomsen,Denmark,Aarhus,30,2025-07-06,Standard,4784.71,6,user10552@example.com,Yes
451,10079,Amina Hassan,Denmark,Odense,,2024-12-19,Standard,11067.44,5,user10079@example.com,Yes
452,10367,Elena Müller,Norway,Oslo,30,2024-02-16,Premium,8614.94,33,,Yes
453,10100,Mathias Poulsen,Germany,Berlin,24,2025-12-03,Standard,19685.15,18,user10100@example.com,No
454,10324,Emma Jensen,Denmark,Copenhagen,47,2024-10-24,Basic,6856.68,19,user10324@example.com,No
455,10259,omar mohamed,Denmark,Aarhus,57,2024-02-22,Premium,7926.89,7,user10259@example.com,Yes
456,10113,Laura Thomsen,Denmark,Aarhus,68,2024-11-02,Standard,6976.97,33,user10113@example.com,Yes
457,10050,Yasmin Ahmed,Denmark,Copenhagen,35,2025-12-23,Standard,7437.89,4,user10050@example.com,YES
458,10637,Sofia Petersen,Sweden,Stockholm,37,2024-03-15,Standard,1643.91,34,user10637@example.com,No
459,10402,Lucas Kristensen,Germany,Berlin,54,2024-03-05,Basic,,14,,Yes
460,10581,Daniel Martin,Denmark,Aalborg,30,2026-03-18,Standard,4683.78,9,user10581@example.com,Yes
461,10631,Oliver Hansen,Germany,Hamburg,63,2026-02-17,Premium,4208.76,16,user10631@example.com,Yes
462,10221,Nora Eriksson,Denmark,Aarhus,47,2024-07-19,Standard,9793.04,8,user10221@example.com,No
463,10447,Omar Mohamed,Germany,Berlin,57,2024-10-04,Standard,12446.87,3,,Yes
464,10188,Emma Jensen,Denmark,Aarhus,21,2025-08-15,Basic,24620.41,9, user10188@example.com ,Yes
465,10458,Lina Osman,Denmark,Odense,25,2025-11-11,Standard,7642.53,19,user10458@example.com,Yes
466,10429,Oscar Berg,Denmark,Aalborg,30,2025-04-29,Premium,13725.55,3,user10429@example.com,Yes
468,10206,Alexander Rasmussen,Denmark,Copenhagen,70,2026-02-17,Basic,14869.05,33,user10206@example.com,Yes
469,10582,Laura Thomsen,Denmark,Aalborg,28,2024-01-07,Standard,6587.77,4,user10582@example.com,No
470,10342,Clara Andersen,Germany,Hamburg,68,2024-09-22,Standard,3213.66,7,,No
471,10576,Sofie Larsen,Denmark,Copenhagen,48,2026-03-24,Premium,8045.81,24,user10576@example.com,Yes
472,10338,Lina Osman,Sweden,Gothenburg,56,2025-12-09,Basic,,27,user10338@example.com,Yes
473,10538,Anna Schmidt,Denmark,Aarhus,43,2024-01-20,Basic,10059.46,25,user10538@example.com,No
474,10306,Victor Lindström,Denmark,Odense,64,2025-06-02,Standard,6123.51,14, user10306@example.com ,Yes
475,10366,daniel martin,Denmark,Aarhus,50,2025-06-02,Standard,6473.8,4,user10366@example.com,Yes
476,10118,Oscar Berg,Sweden,Gothenburg,55,2024-09-16,Basic,,15,user10118@example.com,Yes
477,10494,Mathias Poulsen,Denmark,Aarhus,31,2025-01-30,Standard,6839.77,16,user10494@example.com,Yes
478,10281,Mathias Poulsen,Denmark,Odense,20,2024-08-12,Standard,7713.47,16,user10281@example.com,Yes
479,10247,Elias Hussein,Sweden,Malmö,64,2024-02-04,Premium,12302.95,23,user10247@example.com,Yes
480,10126,Isabella Romano,Denmark,Copenhagen,51,2025-03-30,Standard,9695.66,3,user10126@example.com,Yes
481,10076,Leila Osman,Denmark,Copenhagen,50,2025-05-12,Standard,5667.89,11,user10076@example.com,Yes
482,10469,Clara Andersen,Denmark,Copenhagen,26,2025-05-09,Premium,4010.31,2,user10469@example.com,Yes
483,10230,Amira Khalil,Denmark,Copenhagen,24,2025-02-12,Basic,28522.06,29,user10230@example.com,Yes
484,10451,Adam Hassan,Denmark,Aarhus,63,2024-05-17,Standard,4821.84,27,user10451@example.com,Yes
485,10213,Lucas Garcia,Denmark,Copenhagen,28,2026-02-19,Standard,10419.29,23,user10213@example.com,Yes
486,10145,William Pedersen,Denmark,Aarhus,28,2024-10-30,Basic,30283.17,9,user10145@example.com,Yes
487,10545,Lucas Garcia,Denmark,Copenhagen,59,2026-03-13,Basic,7256.06,34,user10545@example.com,Yes
488,10266,Maya Lindberg,Denmark,Copenhagen,19,2026-05-25,Premium,11421.31,29,user10266@example.com,Yes
489,10369,Sara Mohamed,Denmark,Aalborg,56,,Standard,5314.83,2,,Yes
491,10287,Isabella Romano,Denmark,Aarhus,68,2024-01-28,Premium,15038.99,23,user10287@example.com,Yes
492,10588,Emily Wilson,Denmark,Copenhagen,39,2025-06-23,Standard,13811.36,24, user10588@example.com ,Yes
493,10063,Sofia Petersen,Denmark,Aarhus,26,2026-04-16,Premium,10916.87,4,user10063@example.com,Yes
494,10092,Sara Mohamed,Sweden,Gothenburg,50,2024-02-10,Basic,11260.29,15,user10092@example.com,Yes
495,10648,Amira Khalil,Denmark,Odense,22,2024-01-17,Standard,15561.59,30,user10648@example.com,Yes
496,10467,Amina Hassan,Sweden,Stockholm,62,2024-10-11,Standard,19441.12,14,user10467@example.com,Yes
497,10104,Anna Schmidt,Germany,Berlin,63,2025-10-17,Basic,7947.88,3,user10104@example.com,Yes
498,10152,  Mads Nielsen ,Germany,Berlin,22,2026-06-04,Premium,14711.42,12,user10152@example.com,Yes
499,10296,Freja Møller,Germany,Berlin,,2025-07-21,Premium,7078.42,14,user10296@example.com,Yes
500,10056,Elias Holm,Norway,Oslo,48,2024-08-17,Basic,3082.76,15,user10056@example.com,Yes
501,10073,Oscar Berg,Norway,Bergen,63,2025-08-12,Premium,11042.31,2,user10073@example.com,Yes
502,10406,Nora Eriksson,Germany,Hamburg,38,2025-09-03,Basic,6092.97,6,user10406@example.com,Yes
504,10110,Mathias Poulsen,Germany,Hamburg,65,2025-04-19,Premium,15687.4,5,user10110@example.com,Yes
505,10075,Victor Lindström,Denmark,Aarhus,68,2025-01-25,Standard,3054.12,12,user10075@example.com,Yes
506,10177,Elias Holm,Denmark,Copenhagen,46,2025-08-03,Standard,7105.68,34,user10177@example.com,Yes
507,10169,Daniel Brown,Denmark,Odense,43,2024-03-28,Premium,7647.4,28,user10169@example.com,Yes
508,10625,Sofia Petersen,Germany,Berlin,50,2025-12-07,Basic,12412.03,19, user10625@example.com ,Yes
509,10019,Oscar Berg,Norway,Bergen,53,2024-04-30,Standard,5917.75,9,user10019@example.com,Yes
510,10444,Emma Jensen,Denmark,Aarhus,46,2024-10-20,Premium,10309.59,17,,Yes
511,10317,Daniel Brown,Denmark,Odense,51,2025-01-14,Basic,10478.89,12,user10317@example.com,Yes
512,10302,Lucas Garcia,Denmark,Odense,61,2025-04-14,Basic,11696.59,6,user10302@example.com,Yes
513,10600,  Emil Johansson ,Sweden,Malmö,32,2024-07-20,Standard,14504.81,12,user10600@example.com,Yes
514,10171,Victor Lindström,Denmark,Aalborg,53,2025-09-04,Standard,15843.14,14,user10171@example.com,Yes
515,10088,Emil Johansson,Denmark,Aarhus,48,2024-02-15,Premium,10633.15,17,user10088@example.com,Yes
516,10384,Daniel Brown,Denmark,Aalborg,62,2025-11-15,Premium,13288.93,27,user10384@example.com,Yes
517,10483,Emma Jensen,Sweden,Malmö,,2024-12-27,Standard,9075.07,6,user10483@example.com,Yes
518,10378,Emily Wilson,Denmark,Aarhus,66,2024-01-08,Premium,13532.35,29,,Yes
519,10350,Leo Wagner,Denmark,Aalborg,46,2025-07-13,Standard,14776.04,22,user10350@example.com,Yes
520,10382,Emma Jensen,Germany,Berlin,21,2025-06-05,Standard,25763.48,18,user10382@example.com,Yes
521,10327,Yasmin Ahmed,Norway,Oslo,51,2025-04-08,Standard,5148.57,11,user10327@example.com,No
522,10224,Freja Møller,Germany,Berlin,70,2026-08-03,Premium,19936.29,5,user10224@example.com,Yes
523,10349,Omar Mohamed,Sweden,Malmö,46,2024-09-13,Premium,13479.83,6,user10349@example.com,Yes
524,10471,Emil Johansson,Denmark,Copenhagen,40,2025-07-28,Premium,4725.82,24,user10471@example.com,Yes
525,10208,Elias Holm,Sweden,,34,2024-01-28,Standard,2561.45,23,user10208@example.com,Yes
526,10119,Nora Eriksson,Denmark,Copenhagen,49,2025-01-16,Standard,7975.32,2,user10119@example.com,Yes
527,10608,Freja Møller,Denmark,Aalborg,61,2024-01-17,Standard,15887.58,21,user10608@example.com,No
529,10039,Daniel Brown,Denmark,Aarhus,26,2024-05-06,Basic,16106.48,28,user10039@example.com,No
530,10253,Sara Mohamed,Denmark,Aarhus,24,2024-06-10,Basic,8391.43,3,user10253@example.com,Yes
531,10592,Alexander Rasmussen,Denmark,Aalborg,54,2025-03-20,Standard,6308.9,34,user10592@example.com,Yes
532,10499,Elias Holm,Denmark,Aalborg,27,2026-07-04,Standard,21118.0,11,user10499@example.com,Yes
533,10228,William Pedersen,Denmark,Copenhagen,68,2025-04-23,Basic,29153.91,11,user10228@example.com,Yes
534,10166,Sofie Larsen,Denmark,Aarhus,46,2025-01-06,Basic,7045.7,7,user10166@example.com,Yes
535,10628,William Pedersen,Denmark,Copenhagen,38,2024-09-08,Basic,23084.2,14,user10628@example.com,Yes
536,10142,Amina Hassan,Denmark,Copenhagen,23,2025-04-15,Premium,5670.88,12,user10142@example.com,yes
537,10282,Ida Sørensen,Denmark,Aarhus,30,2024-03-05,Premium,17007.87,20,user10282@example.com,Yes
538,10007,Laura Thomsen,Norway,Bergen,46,2024-04-06,Standard,2654.21,9,user10007@example.com,No
539,10510,Leila Osman,Denmark,Aarhus,30,2025-05-19,Standard,16866.88,34,user10510@example.com,No
540,10331,Adam Ali,Sweden,Gothenburg,,2026-04-03,Standard,17853.63,6,user10331@example.com,Yes
541,10585,Lina Osman,Germany,Berlin,51,2024-06-05,Basic,6190.11,3,user10585@example.com,yes
542,10502,Maya Lindberg,Germany,Berlin,25,2025-12-19,Standard,,11,user10502@example.com,Yes
543,10493,Emil Johansson,Sweden,Malmö,56,2026-04-24,Premium,10334.26,22,user10493@example.com,YES
544,10001,Elena Müller,Norway,Bergen,64,2024-10-31,Basic,12611.57,10,user10001@example.com,Yes
545,10154,Alexander Rasmussen,Denmark,Aarhus,53,2026-04-06,Basic,7284.84,7,user10154@example.com,Yes
546,10299,Leo Wagner,Norway,Oslo,61,2024-03-10,Standard,17105.95,21,user10299@example.com,No
547,10258,Elena Müller,Denmark,Aalborg,60,2025-12-31,Standard,5292.94,23,user10258@example.com,Yes
548,10590,Oscar Berg,Denmark,Copenhagen,63,2026-07-05,Standard,14282.15,3,user10590@example.com,Yes
549,10635,William Pedersen,Denmark,Copenhagen,,2024-05-26,Premium,6752.69,22,user10635@example.com,N
550,10011,Amina Hassan,Denmark,Aalborg,70,2025-01-26,Basic,10515.6,4,user10011@example.com,No
551,10537,adam hassan,Denmark,Aarhus,49,2024-08-06,Basic,20320.86,15,user10537@example.com,No
552,10045,Lucas Kristensen,Norway,Bergen,42,2024-06-22,Standard,10040.83,8,user10045@example.com,Yes
553,10242,Alexander Rasmussen,Norway,Oslo,56,2025-07-26,Standard,6698.32,32,user10242@example.com,Yes
554,10532,Leila Osman,Sweden,Gothenburg,42,2024-07-24,Standard,30270.07,3,user10532@example.com,Yes
555,10130,Daniel Brown,Sweden,Malmö,42,2024-12-21,Premium,7188.28,16,user10130@example.com,Yes
556,10233,Adam Hassan,Germany,Berlin,34,2025-12-16,Basic,4003.06,2,user10233@example.com,Yes
557,10250,Emma Jensen,Denmark,Aarhus,37,2025-08-02,Standard,,10,user10250@example.com,Yes
558,10571,Mads Nielsen,Denmark,Copenhagen,51,2024-04-23,Basic,2999.91,19,user10571@example.com,Yes
559,10176,Anna Schmidt,Denmark,,34,2026-05-31,Standard,12697.17,9,user10176@example.com,Yes
560,10010,Nora Eriksson,Denmark,Aarhus,62,2025-04-01,Premium,20507.74,29,user10010@example.com,Yes
561,10020,Daniel Martin,Sweden,Malmö,69,2026-03-06,Standard,19522.35,18,,Yes
562,10423,  Maya Patel ,Denmark,,38,2025-12-06,Standard,23989.79,5,user10423@example.com,Yes
563,10292,Emil Johansson,Denmark,Odense,48,2025-06-06,Premium,13481.87,31,user10292@example.com,Yes
564,10227,Anna Schmidt,Denmark,Aarhus,37,2025-05-07,Standard,21697.42,23,user10227@example.com,Yes
565,10524,Victor Lindström,Sweden,Malmö,51,2024-04-24,Standard,4635.47,32,user10524@example.com,Yes
566,10383,Mads Nielsen,Norway,Oslo,61,2024-03-02,Basic,16438.93,12,user10383@example.com,Yes
568,10586,Lucas Kristensen,Sweden,Gothenburg,69,2025-10-14,Standard,6622.0,7,user10586@example.com,Yes
569,10248,Leo Wagner,Denmark,Aalborg,38,2025-04-03,Standard,13104.23,9,user10248@example.com,Yes
570,10071,Victor Lindström,Denmark,Copenhagen,60,2024-03-17,Standard,9123.8,23,user10071@example.com,No
572,10547,Emily Wilson,Denmark,Aalborg,52,2025-10-09,Standard,25372.51,32,user10547@example.com,Yes
573,10377,William Pedersen,Germany,Hamburg,44,2025-11-24,Premium,11826.62,22,user10377@example.com,Yes
575,10587,Maya Patel,Denmark,Copenhagen,59,2024-06-25,Basic,9071.72,3, user10587@example.com ,Yes
576,10529,Lina Osman,Norway,Oslo,45,2026-05-06,Standard,7604.25,32,user10529@example.com,Y
577,10491,Yasmin Ahmed,Sweden,Stockholm,36,2024-07-21,Basic,12300.7,14,user10491@example.com,Yes
578,10393,Maya Patel,Sweden,Stockholm,28,2026-04-16,Standard,15034.16,18,user10393@example.com,Yes
579,10633,Leo Wagner,Denmark,Copenhagen,54,2025-01-06,Premium,5583.87,22,user10633@example.com,Yes
580,10454,Daniel Martin,Denmark,Odense,37,2026-03-26,Basic,24983.97,15,user10454@example.com,Yes
581,10611,Clara Andersen,Denmark,Odense,69,2025-04-05,Standard,14889.07,33,user10611@example.com,Yes
582,10534,Clara Andersen,Sweden,Malmö,22,2025-11-14,Standard,19718.44,17,user10534@example.com,No
583,10185,Emily Wilson,Norway,Oslo,67,2024-07-30,Standard,,9,user10185@example.com,Yes
584,10624,Oscar Berg,Denmark,Copenhagen,59,2025-03-03,Basic,9889.81,3,user10624@example.com,Yes
585,10461,Daniel Martin,Denmark,Odense,31,2024-11-19,Standard,20267.81,17,user10461@example.com,Yes
586,10290,Mads Nielsen,Denmark,Aalborg,28,2026-01-14,Standard,4921.36,,user10290@example.com,No
587,10596,Nora Eriksson,Denmark,Copenhagen,27,2025-03-05,Standard,15968.26,7,user10596@example.com,Yes
588,10180,Emily Wilson,Sweden,Malmö,20,2024-09-28,Premium,15240.56,32,user10180@example.com,Yes
589,10064,Ida Sørensen,Norway,Bergen,44,2024-07-21,Standard,8879.31,3,user10064@example.com,Yes
590,10617,Mathias Poulsen,Sweden,Gothenburg,18,2025-04-14,Premium,9921.85,24,user10617@example.com,Yes
591,10106,Freja Møller,Sweden,Stockholm,33,2025-02-01,Standard,8297.46,7,user10106@example.com,Yes
592,10434,Nora Eriksson,Norway,Oslo,23,2025-05-27,Premium,4095.73,28,user10434@example.com,Yes
593,10575,Emily Wilson,Norway,Oslo,71,2025-06-18,Basic,13581.32,26,user10575@example.com,Yes
594,10257,Victor Lindström,Norway,Oslo,48,2026-01-23,Standard,9865.75,7,user10257@example.com,Yes
595,10215,Alexander Rasmussen,Sweden,Gothenburg,28,2024-11-19,Premium,25463.67,14,user10215@example.com,Yes
596,10070,Noah Khan,Denmark,Copenhagen,70,2024-01-02,Standard,12898.24,33,user10070@example.com,Yes
597,10191,Laura Thomsen,Germany,Berlin,68,2026-03-05,Basic,11516.78,33,user10191@example.com,Yes
598,10314,Elias Hussein,Denmark,Odense,30,2025-12-17,Premium,7289.87,16,user10314@example.com,Yes
599,10610,Adam Hassan,Denmark,Odense,30,2025-01-30,Premium,7238.05,6,user10610@example.com,Yes
600,10518,Laura Thomsen,Sweden,Gothenburg,52,2025-11-05,Standard,13128.14,5,user10518@example.com,Yes
601,10226,Mads Nielsen,Germany,Berlin,63,2024-07-13,Standard,19616.13,14,user10226@example.com,Yes
602,10319,Sofie Larsen,Denmark,Aarhus,63,2025-10-11,Standard,11245.89,10,user10319@example.com,Yes
603,10235,Isabella Romano,Germany,,38,2025-01-01,Standard,17065.61,31,,Yes
604,10404,Lucas Kristensen,Denmark,Copenhagen,69,2025-09-04,Standard,9070.52,34,user10404@example.com,Yes
605,10409,Alexander Rasmussen,Denmark,Odense,51,2024-10-28,Basic,1522.64,28, user10409@example.com ,No
606,10446,Omar Mohamed,Sweden,Stockholm,65,2025-07-31,Basic,,9,user10446@example.com,No
607,10530,Omar Mohamed,Denmark,Aarhus,60,2025-05-02,Basic,19317.18,5,user10530@example.com,Yes
608,10463,Emma Jensen,Germany,Berlin,38,2025-12-27,Standard,9093.26,25,user10463@example.com,Yes
609,10601,Sara Mohamed,Denmark,Odense,67,,Standard,8385.42,17,user10601@example.com,Yes
610,10470,Lucas Kristensen,Denmark,Copenhagen,21,2024-08-24,Basic,17331.78,3,user10470@example.com,Yes
611,10081,Omar Mohamed,Sweden,Stockholm,24,2025-06-07,Premium,5384.06,34,user10081@example.com,No
612,10157,Omar Mohamed,Denmark,Aalborg,65,2024-11-15,Standard,11627.75,10,user10157@example.com,Yes
613,10445,Ida Sørensen,Denmark,Copenhagen,28,2024-12-21,Standard,17095.61,15,user10445@example.com,Yes
614,10391,Elena Müller,Sweden,Stockholm,,2025-11-10,Premium,15000.04,33,user10391@example.com,Yes
615,10211,Emil Johansson,Sweden,Gothenburg,45,2025-01-09,Standard,4854.85,21,user10211@example.com,Yes
616,10097,Lina Osman,Denmark,Copenhagen,24,2025-06-26,Standard,7981.95,20,user10097@example.com,Yes
617,10414,Lucas Garcia,Germany,Hamburg,57,2026-05-15,Basic,13097.11,31,user10414@example.com,No
618,10396,Elias Hussein,Denmark,Copenhagen,52,2025-04-20,Premium,8928.62,33,user10396@example.com,Yes
619,10613,Emma Jensen,Germany,Berlin,36,2024-08-10,Basic,9509.62,14,user10613@example.com,Yes
620,10388,Emily Wilson,Germany,Berlin,60,2025-03-25,Standard,11025.74,21,user10388@example.com,no
621,10146,Mads Nielsen,Denmark,Aalborg,39,2025-12-16,Standard,16473.32,1,user10146@example.com,Yes
622,10341,Sofia Rossi,Denmark,Copenhagen,56,2024-10-04,Basic,10731.23,15,user10341@example.com,Yes
623,10506,Mads Nielsen,Norway,Oslo,34,2024-10-15,Standard,8903.57,19,user10506@example.com,Yes
624,10394,Daniel Martin,Sweden,Gothenburg,64,2025-03-18,Standard,11865.32,17,,Yes
625,10054,Amira Khalil,Sweden,Stockholm,38,2024-03-09,Standard,7751.65,11,user10054@example.com,Yes
626,10621,Daniel Martin,Norway,Bergen,55,2024-11-02,Premium,12689.42,14,user10621@example.com,Yes
627,10630,Leila Osman,Norway,Bergen,63,2024-08-02,Basic,8385.45,30,user10630@example.com,Yes
628,10322,Emma Jensen,Denmark,Copenhagen,59,2026-01-27,Standard,13603.14,11,user10322@example.com,Yes
629,10606,Alexander Rasmussen,Norway,Oslo,54,2025-02-10,Standard,14040.37,30,user10606@example.com,Yes
630,10561,Lucas Garcia,Denmark,,,2024-07-24,Standard,14624.91,4,user10561@example.com,Yes
631,10061,Oliver Hansen,Sweden,Stockholm,41,2025-07-04,Premium,6951.96,26,user10061@example.com,No
632,10084,Victor Lindström,Denmark,Odense,61,2026-02-02,Standard,1297.81,12, user10084@example.com ,No
633,10432,Amira Khalil,Norway,Oslo,32,2024-01-29,Standard,12557.86,25,user10432@example.com,No
634,10626,William Pedersen,Denmark,Copenhagen,59,2025-06-27,Standard,5986.79,6,user10626@example.com,yes
635,10560,Lucas Garcia,Denmark,Aarhus,65,2025-06-29,Standard,11705.37,4,user10560@example.com,Yes
636,10360,Laura Thomsen,Sweden,Stockholm,43,2025-08-30,Basic,21846.99,20,user10360@example.com,Yes
637,10629,Lucas Kristensen,Denmark,Aalborg,57,2024-09-06,Premium,7916.19,28,user10629@example.com,Yes
638,10053,Elias Holm,Norway,Oslo,71,2025-06-25,Basic,9450.63,30,user10053@example.com,Yes
639,10398,William Pedersen,Denmark,Aalborg,36,2025-06-25,Basic,,28,user10398@example.com,No
640,10479,Anna Schmidt,Sweden,Gothenburg,29,2024-02-11,Standard,5041.78,18,user10479@example.com,Yes
641,10280,Lina Osman,Norway,Bergen,70,2024-04-18,Standard,13774.63,6,user10280@example.com,Yes
642,10239,Sofia Rossi,Denmark,Copenhagen,29,2025-02-02,Standard,7518.08,24, user10239@example.com ,Yes
643,10536,William Pedersen,Denmark,Copenhagen,18,2025-05-13,Standard,15223.49,3,user10536@example.com,Yes
644,10008,Alexander Rasmussen,Norway,Bergen,31,2024-06-24,Premium,8360.89,19,,Yes
645,10634,Leila Osman,Denmark,Odense,18,2025-02-13,Premium,10001.41,23,user10634@example.com,Yes
646,10295,Sofia Rossi,Norway,Bergen,32,2024-03-02,Standard,12379.19,27,user10295@example.com,No
647,10082,Mathias Poulsen,Denmark,Aarhus,23,2026-04-02,Standard,18029.8,10,user10082@example.com,No
648,10542,Oliver Hansen,Denmark,Copenhagen,39,2024-08-06,Standard,15614.84,29,user10542@example.com,Yes
650,10540,Adam Ali,Norway,Oslo,44,2024-11-10,Standard,7976.94,19,user10540@example.com,Yes
651,10368,Elias Hussein,Sweden,Stockholm,,2025-03-01,Basic,8374.2,25,user10368@example.com,Yes
652,10134,Adam Ali,Denmark,Odense,29,2026-01-04,Premium,3040.28,34,user10134@example.com,Yes
653,10009,Emily Wilson,Denmark,Odense,46,2025-05-22,Basic,15458.02,26,user10009@example.com,Yes
654,10291,Lucas Garcia,Norway,Oslo,26,2025-10-23,Standard,11293.78,28,user10291@example.com,Yes
655,10094,Lucas Garcia,Denmark,Odense,40,2025-11-07,Basic,9384.17,5,user10094@example.com,no
656,10473,Sofia Petersen,Denmark,Aarhus,30,2025-11-06,Standard,17656.35,8,user10473@example.com,Yes
657,10558,Yasmin Ahmed,Denmark,Odense,71,2024-05-19,Basic,8300.18,28,user10558@example.com,Yes
658,10527,Sofie Larsen,Germany,Berlin,62,2025-04-24,Basic,25472.88,23,user10527@example.com,Yes
660,10485,Lucas Garcia,Denmark,Copenhagen,36,2024-10-17,Standard,14067.06,2,user10485@example.com,Yes
661,10480,Elias Hussein,Denmark,Copenhagen,42,2025-07-29,Basic,8827.64,30,user10480@example.com,Yes
662,10597,Adam Ali,Sweden,Gothenburg,30,2025-11-25,Basic,19643.16,11,user10597@example.com,Yes
663,10492,Victor Lindström,Sweden,Malmö,39,2024-09-29,Premium,12851.27,19,user10492@example.com,Yes
664,10503,Maya Lindberg,Germany,Hamburg,18,2026-05-14,Standard,0.0,25,user10503@example.com,Yes
665,10359,Leo Wagner,Denmark,Copenhagen,45,2025-09-07,Standard,12211.68,15,user10359@example.com,No
666,10357,Leo Wagner,Norway,Oslo,23,2024-10-21,Standard,10028.69,21,user10357@example.com,Yes
667,10133,Freja Møller,Sweden,Malmö,68,2026-05-14,Standard,10860.58,17,user10133@example.com,Yes
